names,tamil,english,maths,sum,tamil_percentage,english_percentage,maths_percentage,average
Daniel Young,85,48,55,133,45.21276595744681,25.53191489361702,29.25531914893617,62.666666666666664
Christina Henderson,50,18,93,68,31.05590062111801,11.180124223602485,57.7639751552795,53.666666666666664
Donna Chapman,84,54,42,138,46.666666666666664,30.0,23.333333333333332,60.0
Thomas Williams,3,91,85,94,1.675977653631285,50.83798882681564,47.486033519553075,59.666666666666664
